New_Code,Borough,Names,Proportion_of _Homes_with_Access_to_Local_Small_or_Pocket_Park,Proportion_of_Homes_with_Access_to_District_Park,Proportion_of_Homes_with_Access_to_Metropolitan_Park,Proportion_of_Homes_with_Access_to_Regional_Park,Proportion_of_Homes_with_Deficiency_in_Access_to_Nature,Proportion_of_Green_Space_Area,Median_House_Price
E09000001,City of London,City of London,88.79%,0.00%,0.00%,0.00%,100.00%,18.64%,485000
E05000026,Barking and Dagenham,Abbey,25.62%,97.98%,0.00%,0.00%,2.16%,19.61%,141000
E05000027,Barking and Dagenham,Alibon,19.59%,19.06%,100.00%,0.00%,71.73%,22.41%,163000
E05000028,Barking and Dagenham,Becontree,32.67%,70.98%,99.10%,0.00%,17.17%,3.04%,173000
E05000029,Barking and Dagenham,Chadwell Heath,63.96%,0.00%,8.95%,0.00%,63.59%,56.41%,205000
E05000030,Barking and Dagenham,Eastbrook,12.35%,97.03%,100.00%,0.00%,0.00%,51.12%,197500
E05000031,Barking and Dagenham,Eastbury,13.53%,65.34%,43.11%,0.00%,6.43%,18.11%,182000
E05000032,Barking and Dagenham,Gascoigne,51.70%,6.13%,0.00%,0.00%,6.35%,20.33%,158500
E05000033,Barking and Dagenham,Goresbrook,82.88%,6.32%,100.00%,0.00%,8.35%,17.12%,165000
E05000034,Barking and Dagenham,Heath,3.01%,68.45%,100.00%,0.00%,90.52%,38.41%,163000
E05000035,Barking and Dagenham,Longbridge,0.31%,100.00%,17.22%,0.00%,4.35%,30.33%,258500
E05000036,Barking and Dagenham,Mayesbrook,0.00%,91.94%,100.00%,0.00%,0.00%,45.81%,168000
E05000037,Barking and Dagenham,Parsloes,27.00%,4.13%,100.00%,0.00%,29.83%,17.46%,162000
E05000038,Barking and Dagenham,River,60.44%,54.13%,94.65%,0.00%,0.00%,20.81%,163000
E05000039,Barking and Dagenham,Thames,30.65%,4.81%,5.92%,0.00%,23.24%,44.45%,197000
E05000040,Barking and Dagenham,Valence,38.05%,12.13%,95.82%,0.00%,60.35%,16.03%,167000
E05000041,Barking and Dagenham,Village,35.83%,67.14%,100.00%,0.00%,0.00%,47.99%,155000
E05000042,Barking and Dagenham,Whalebone,4.85%,18.29%,24.49%,0.00%,97.96%,16.41%,196000
E05000043,Barnet,Brunswick Park,23.38%,99.94%,24.67%,0.00%,0.69%,28.03%,360000
E05000044,Barnet,Burnt Oak,68.32%,12.93%,6.57%,0.00%,2.84%,20.18%,234000
E05000045,Barnet,Childs Hill,39.51%,22.90%,97.51%,0.00%,42.05%,15.14%,454500
E05000046,Barnet,Colindale,52.57%,34.57%,29.27%,0.00%,48.78%,20.77%,250000
E05000047,Barnet,Coppetts,38.02%,9.80%,38.00%,0.00%,8.58%,40.34%,321500
E05000048,Barnet,East Barnet,36.38%,98.35%,90.55%,0.00%,0.00%,34.85%,329975
E05000049,Barnet,East Finchley,30.52%,0.01%,40.37%,0.00%,6.55%,37.77%,371000
E05000050,Barnet,Edgware,24.00%,10.14%,0.00%,0.00%,19.64%,53.98%,295000
E05000051,Barnet,Finchley Church End,39.51%,8.43%,0.00%,0.00%,12.46%,13.72%,395000
E05000052,Barnet,Garden Suburb,58.96%,61.71%,76.93%,0.00%,2.40%,24.23%,716250
E05000053,Barnet,Golders Green,33.14%,3.73%,45.91%,0.00%,41.71%,14.57%,450000
E05000054,Barnet,Hale,21.25%,13.69%,0.00%,0.00%,7.22%,48.76%,350000
E05000055,Barnet,Hendon,14.14%,73.07%,0.00%,0.00%,36.18%,16.36%,335000
E05000056,Barnet,High Barnet,27.49%,75.78%,0.00%,0.00%,4.43%,47.91%,354000
E05000057,Barnet,Mill Hill,10.69%,68.49%,0.00%,0.00%,2.50%,59.03%,380000
E05000058,Barnet,Oakleigh,21.06%,65.09%,0.32%,0.00%,46.11%,15.26%,366875
E05000059,Barnet,Totteridge,39.50%,74.68%,0.00%,0.00%,1.01%,57.74%,478750
E05000060,Barnet,Underhill,22.59%,95.21%,0.00%,0.00%,8.60%,43.73%,308750
E05000061,Barnet,West Finchley,25.82%,2.50%,0.00%,0.00%,15.13%,13.37%,318500
E05000062,Barnet,West Hendon,47.06%,60.51%,19.75%,0.00%,29.01%,31.99%,273000
E05000063,Barnet,Woodhouse,41.47%,8.27%,0.00%,0.00%,34.33%,19.29%,320000
E05000064,Bexley,Barnehurst,66.43%,21.02%,20.38%,0.00%,10.51%,35.84%,216923
E05000065,Bexley,Belvedere,48.82%,0.00%,91.42%,0.00%,0.00%,33.19%,150000
E05000066,Bexley,Blackfen and Lamorbey,27.95%,34.97%,91.20%,0.00%,1.80%,9.45%,243500
E05000067,Bexley,Blendon and Penhill,55.51%,0.00%,100.00%,0.00%,0.00%,13.86%,250000
E05000068,Bexley,Brampton,12.19%,0.00%,81.54%,0.00%,48.87%,9.15%,250000
E05000069,Bexley,Christchurch,28.58%,16.14%,89.89%,0.00%,20.11%,17.32%,228575
E05000070,Bexley,Colyers,40.95%,0.00%,18.87%,0.00%,68.36%,13.13%,183500
E05000071,Bexley,Crayford,21.85%,24.38%,44.84%,0.00%,7.02%,42.72%,172500
E05000072,Bexley,Cray Meadows,25.26%,0.00%,100.00%,0.00%,0.00%,61.64%,235000
E05000073,Bexley,Danson Park,43.74%,3.81%,100.00%,0.00%,0.09%,36.32%,224500
E05000074,Bexley,East Wickham,8.97%,68.20%,93.26%,0.00%,0.00%,26.46%,229500
E05000075,Bexley,Erith,46.77%,0.00%,87.15%,0.00%,23.43%,44.59%,157000
E05000076,Bexley,Falconwood and Welling,4.66%,15.90%,99.98%,0.00%,37.11%,0.69%,235000
E05000077,Bexley,Lesnes Abbey,34.46%,30.51%,100.00%,0.00%,0.13%,36.86%,233000
E05000078,Bexley,Longlands,58.42%,0.00%,77.94%,0.00%,61.57%,30.00%,245000
E05000079,Bexley,North End,50.17%,0.00%,99.13%,0.00%,41.01%,65.29%,155500
E05000080,Bexley,Northumberland Heath,31.24%,0.00%,72.45%,0.00%,6.24%,13.50%,225000
E05000081,Bexley,St. Mary's,23.32%,25.18%,99.44%,0.00%,0.00%,46.80%,253127
E05000082,Bexley,St. Michael's,0.00%,48.64%,100.00%,0.00%,22.78%,5.91%,238000
E05000083,Bexley,Sidcup,59.71%,0.00%,90.86%,0.00%,4.21%,25.77%,220000
E05000084,Bexley,Thamesmead East,45.98%,52.74%,55.44%,0.00%,0.00%,70.47%,129250
E05000085,Brent,Alperton,39.66%,0.62%,40.11%,0.00%,0.00%,17.69%,210000
E05000086,Brent,Barnhill,60.65%,0.07%,100.00%,0.00%,0.05%,31.61%,297500
E05000087,Brent,Brondesbury Park,39.61%,0.22%,6.89%,0.00%,24.56%,9.57%,427500
E05000088,Brent,Dollis Hill,21.72%,99.05%,0.00%,0.00%,0.11%,26.64%,300000
E05000089,Brent,Dudden Hill,37.08%,84.86%,5.20%,0.00%,0.26%,11.54%,370000
E05000090,Brent,Fryent,59.87%,26.44%,100.00%,0.00%,4.82%,39.26%,317600
E05000091,Brent,Harlesden,18.58%,0.00%,34.28%,0.00%,0.00%,8.88%,240000
E05000092,Brent,Kensal Green,34.47%,0.00%,100.00%,0.00%,0.00%,6.94%,367000
E05000093,Brent,Kenton,43.93%,25.30%,80.02%,0.00%,6.44%,17.00%,410000
E05000094,Brent,Kilburn,52.49%,0.00%,0.14%,0.00%,12.65%,11.21%,382500
E05000095,Brent,Mapesbury,11.02%,69.23%,14.66%,0.00%,66.41%,9.70%,353125
E05000096,Brent,Northwick Park,0.56%,100.00%,37.86%,0.00%,18.95%,32.04%,364975
E05000097,Brent,Preston,44.97%,37.01%,93.22%,0.00%,67.04%,19.14%,307000
E05000098,Brent,Queens Park,51.86%,0.00%,46.74%,0.00%,0.00%,19.13%,402500
E05000099,Brent,Queensbury,46.41%,0.00%,95.51%,0.00%,51.91%,13.68%,319975
E05000100,Brent,Stonebridge,51.75%,0.00%,0.02%,0.00%,0.00%,16.25%,232000
E05000101,Brent,Sudbury,43.99%,92.40%,90.18%,0.00%,35.45%,34.57%,237750
E05000102,Brent,Tokyngton,41.61%,0.00%,46.37%,0.00%,47.03%,19.75%,246000
E05000103,Brent,Welsh Harp,77.63%,42.10%,90.92%,0.00%,0.00%,34.22%,247500
E05000104,Brent,Wembley Central,29.74%,6.13%,54.82%,0.00%,6.82%,20.08%,250000
E05000105,Brent,Willesden Green,46.11%,50.99%,0.26%,0.00%,34.15%,36.85%,300000
E05000106,Bromley,Bickley,12.25%,42.89%,55.88%,0.00%,60.26%,22.12%,350000
E05000107,Bromley,Biggin Hill,12.18%,0.00%,0.00%,0.00%,0.00%,71.36%,244000
E05000108,Bromley,Bromley Common and Keston,54.47%,40.32%,87.10%,0.00%,11.48%,59.29%,275000
E05000109,Bromley,Bromley Town,34.07%,0.00%,96.07%,0.00%,85.67%,17.99%,258000
E05000110,Bromley,Chelsfield and Pratts Bottom,41.89%,27.74%,65.30%,0.00%,17.42%,69.19%,295000
E05000111,Bromley,Chislehurst,9.57%,93.01%,66.39%,0.00%,1.09%,59.96%,363000
E05000112,Bromley,Clock House,38.52%,78.67%,82.08%,0.00%,23.69%,16.34%,250000
E05000113,Bromley,Copers Cope,4.14%,45.25%,100.00%,0.00%,10.43%,17.08%,248000
E05000114,Bromley,Cray Valley East,19.58%,0.99%,81.90%,0.00%,0.00%,76.40%,191500
E05000115,Bromley,Cray Valley West,21.33%,71.11%,100.00%,0.00%,0.00%,24.24%,204995
E05000116,Bromley,Crystal Palace,59.07%,2.94%,100.00%,0.00%,14.32%,49.35%,185000
E05000117,Bromley,Darwin,9.21%,3.21%,33.68%,0.00%,0.00%,88.80%,407500
E05000118,Bromley,Farnborough and Crofton,27.82%,72.59%,38.52%,0.00%,0.27%,49.75%,297475
E05000119,Bromley,Hayes and Coney Hall,33.52%,17.65%,99.96%,0.00%,24.91%,69.47%,366750
E05000120,Bromley,Kelsey and Eden Park,30.43%,90.37%,32.58%,0.00%,20.68%,43.63%,331000
E05000121,Bromley,Mottingham and Chislehurst North,24.54%,99.91%,0.00%,0.00%,0.00%,44.35%,201500
E05000122,Bromley,Orpington,24.28%,59.23%,1.29%,0.00%,16.77%,26.27%,260500
E05000123,Bromley,Penge and Cator,54.21%,6.39%,99.98%,0.00%,24.12%,25.19%,271000
E05000124,Bromley,Petts Wood and Knoll,49.54%,32.73%,72.26%,0.00%,3.20%,24.64%,405000
E05000125,Bromley,Plaistow and Sundridge,37.67%,0.00%,56.21%,0.00%,17.72%,40.48%,250000
E05000126,Bromley,Shortlands,34.35%,13.65%,88.99%,0.00%,21.85%,3.14%,277500
E05000127,Bromley,West Wickham,30.23%,44.01%,65.16%,0.00%,32.56%,32.57%,390000
E05000128,Camden,Belsize,34.83%,92.41%,100.00%,0.00%,4.35%,1.26%,700000
E05000129,Camden,Bloomsbury,63.89%,0.00%,100.00%,0.00%,76.10%,9.15%,448500
E05000130,Camden,Camden Town with Primrose Hill,60.02%,70.64%,100.00%,0.00%,8.12%,15.17%,618000
E05000131,Camden,Cantelowes,45.88%,0.00%,100.00%,0.00%,31.33%,7.37%,435000
E05000132,Camden,Fortune Green,69.99%,0.00%,76.51%,0.00%,36.66%,18.03%,477500
E05000133,Camden,Frognal and Fitzjohns,12.68%,5.66%,100.00%,0.00%,16.71%,5.66%,1030000
E05000134,Camden,Gospel Oak,28.48%,4.64%,100.00%,0.00%,0.00%,15.95%,517000
E05000135,Camden,Hampstead Town,28.66%,4.36%,100.00%,0.00%,0.00%,54.21%,835000
E05000136,Camden,Haverstock,3.69%,33.48%,100.00%,0.00%,4.62%,8.18%,436000
E05000137,Camden,Highgate,56.72%,5.62%,100.00%,0.00%,0.00%,65.24%,520600
E05000138,Camden,Holborn and Covent Garden,57.50%,3.95%,32.76%,0.00%,98.18%,7.50%,625000
E05000139,Camden,Kentish Town,58.79%,0.00%,100.00%,0.00%,20.59%,5.34%,418750
E05000140,Camden,Kilburn,51.06%,1.56%,57.03%,0.00%,60.30%,13.44%,412500
E05000141,Camden,King's Cross,59.87%,0.00%,71.48%,0.00%,75.56%,13.49%,380000
E05000142,Camden,Regent's Park,69.59%,17.71%,100.00%,0.00%,0.00%,26.99%,375000
E05000143,Camden,St. Pancras and Somers Town,61.12%,0.00%,96.36%,0.00%,0.00%,13.55%,339950
E05000144,Camden,Swiss Cottage,47.97%,31.52%,93.20%,0.00%,64.46%,14.45%,590000
E05000145,Camden,West Hampstead,79.62%,0.00%,83.04%,0.00%,32.82%,8.77%,495000
E05000146,Croydon,Addiscombe,4.30%,15.41%,0.00%,0.00%,4.86%,2.33%,215000
E05000147,Croydon,Ashburton,68.64%,99.40%,0.00%,0.00%,11.73%,22.21%,272500
E05000148,Croydon,Bensham Manor,38.55%,0.00%,44.58%,0.00%,91.89%,7.74%,210000
E05000149,Croydon,Broad Green,18.01%,0.00%,65.47%,0.00%,82.81%,4.53%,182000
E05000150,Croydon,Coulsdon East,36.31%,44.36%,99.98%,0.00%,0.00%,56.81%,320000
E05000151,Croydon,Coulsdon West,5.55%,1.67%,96.96%,0.00%,52.09%,17.12%,341500
E05000152,Croydon,Croham,33.05%,87.00%,42.27%,0.00%,41.87%,19.11%,210000
E05000153,Croydon,Fairfield,24.19%,37.21%,7.03%,0.00%,67.93%,17.48%,205000
E05000154,Croydon,Fieldway,44.04%,3.29%,0.00%,0.00%,0.00%,22.82%,170040
E05000155,Croydon,Heathfield,37.99%,60.00%,72.63%,0.00%,0.00%,61.30%,227000
E05000156,Croydon,Kenley,41.41%,55.72%,30.49%,0.00%,9.05%,39.63%,279000
E05000157,Croydon,New Addington,76.28%,75.72%,0.00%,0.00%,0.00%,31.20%,185000
E05000158,Croydon,Norbury,61.15%,25.86%,77.71%,0.00%,74.45%,16.07%,269000
E05000159,Croydon,Purley,8.02%,61.86%,96.86%,0.00%,19.98%,3.79%,292000
E05000160,Croydon,Sanderstead,33.93%,64.01%,9.62%,0.00%,0.00%,48.64%,338000
E05000161,Croydon,Selhurst,35.63%,0.00%,9.24%,0.00%,46.89%,18.30%,175000
E05000162,Croydon,Selsdon and Ballards,30.52%,84.32%,82.22%,0.00%,0.00%,55.20%,301250
E05000163,Croydon,Shirley,66.07%,16.52%,0.00%,0.00%,30.75%,16.03%,277500
E05000164,Croydon,South Norwood,60.17%,23.94%,55.83%,0.00%,4.82%,17.49%,186950
E05000165,Croydon,Thornton Heath,39.44%,0.00%,27.89%,0.00%,39.06%,11.17%,195000
E05000166,Croydon,Upper Norwood,68.34%,13.21%,72.06%,0.00%,6.31%,19.45%,250000
E05000167,Croydon,Waddon,56.96%,57.41%,97.24%,0.00%,59.21%,32.61%,200000
E05000168,Croydon,West Thornton,2.23%,0.00%,97.53%,0.00%,68.35%,17.68%,189000
E05000169,Croydon,Woodside,26.88%,80.58%,0.00%,0.00%,0.00%,33.30%,190000
E05000170,Ealing,Acton Central,72.95%,0.00%,94.06%,0.00%,100.00%,24.25%,379000
E05000171,Ealing,Cleveland,43.30%,91.36%,9.08%,0.00%,30.56%,34.83%,382500
E05000172,Ealing,Dormers Wells,84.46%,38.03%,54.26%,0.00%,2.70%,47.32%,240000
E05000173,Ealing,Ealing Broadway,14.14%,92.31%,16.56%,0.00%,52.26%,6.12%,330000
E05000174,Ealing,Ealing Common,74.43%,60.80%,100.00%,0.00%,55.63%,22.20%,380000
E05000175,Ealing,East Acton,56.32%,4.20%,98.58%,0.00%,63.87%,19.61%,320650
E05000176,Ealing,Elthorne,27.44%,89.86%,0.01%,0.00%,0.00%,34.17%,326000
E05000177,Ealing,Greenford Broadway,43.05%,28.06%,100.00%,0.00%,1.03%,26.25%,215000
E05000178,Ealing,Greenford Green,62.88%,39.03%,99.97%,0.00%,5.44%,22.59%,260500
E05000179,Ealing,Hanger Hill,50.67%,25.79%,12.04%,0.00%,8.05%,26.69%,380000
E05000180,Ealing,Hobbayne,57.32%,88.73%,20.19%,0.00%,1.99%,36.08%,292250
E05000181,Ealing,Lady Margaret,83.65%,12.24%,93.84%,0.00%,13.41%,19.39%,250000
E05000182,Ealing,Northfield,59.18%,96.33%,73.55%,0.00%,4.93%,25.62%,450000
E05000183,Ealing,North Greenford,43.64%,14.53%,97.85%,0.00%,6.27%,53.26%,285000
E05000184,Ealing,Northolt Mandeville,88.46%,45.89%,99.98%,0.00%,29.68%,34.42%,249725
E05000185,Ealing,Northolt West End,19.58%,14.70%,100.00%,0.00%,12.94%,56.30%,194500
E05000186,Ealing,Norwood Green,67.69%,19.11%,86.97%,0.00%,0.38%,47.63%,275000
E05000187,Ealing,Perivale,36.65%,35.70%,99.31%,0.00%,1.89%,38.25%,275000
E05000188,Ealing,South Acton,64.95%,0.00%,100.00%,0.00%,70.95%,17.49%,325000
E05000189,Ealing,Southall Broadway,30.34%,26.68%,97.88%,0.00%,12.75%,14.13%,230000
E05000190,Ealing,Southall Green,66.93%,0.12%,79.66%,0.00%,4.57%,16.32%,220000
E05000191,Ealing,Southfield,83.23%,1.76%,100.00%,0.00%,45.87%,14.28%,560000
E05000192,Ealing,Walpole,17.36%,100.00%,45.03%,0.00%,53.43%,20.13%,440000
E05000193,Enfield,Bowes,9.37%,53.14%,51.64%,37.80%,2.50%,15.27%,261000
E05000194,Enfield,Bush Hill Park,18.11%,22.87%,0.00%,100.00%,45.66%,29.59%,310000
E05000195,Enfield,Chase,20.25%,56.38%,98.93%,55.12%,0.02%,81.54%,250000
E05000196,Enfield,Cockfosters,21.80%,76.50%,94.37%,0.00%,26.54%,68.80%,400000
E05000197,Enfield,Edmonton Green,29.49%,81.41%,0.00%,100.00%,99.90%,33.21%,191250
E05000198,Enfield,Enfield Highway,0.00%,99.77%,3.05%,100.00%,82.69%,40.58%,214000
E05000199,Enfield,Enfield Lock,24.71%,61.64%,0.00%,100.00%,44.26%,39.57%,215000
E05000200,Enfield,Grange,13.72%,65.54%,10.04%,61.16%,0.00%,27.41%,350000
E05000201,Enfield,Haselbury,20.99%,88.83%,0.00%,100.00%,99.98%,26.96%,220000
E05000202,Enfield,Highlands,0.00%,38.63%,62.59%,5.09%,33.34%,56.52%,297000
E05000203,Enfield,Jubilee,21.78%,68.71%,0.00%,100.00%,99.87%,60.63%,214000
E05000204,Enfield,Lower Edmonton,9.88%,68.41%,0.00%,100.00%,98.98%,40.60%,205000
E05000205,Enfield,Palmers Green,42.37%,51.58%,0.00%,68.42%,5.89%,15.41%,299975
E05000206,Enfield,Ponders End,33.78%,79.81%,0.00%,100.00%,71.77%,44.50%,192500
E05000207,Enfield,Southbury,47.55%,44.10%,32.33%,100.00%,87.85%,29.26%,233000
E05000208,Enfield,Southgate,0.00%,93.48%,67.58%,0.00%,20.59%,27.15%,285000
E05000209,Enfield,Southgate Green,7.45%,99.99%,1.17%,0.00%,0.00%,20.64%,384950
E05000210,Enfield,Town,6.09%,53.42%,95.61%,85.72%,22.75%,16.04%,281000
E05000211,Enfield,Turkey Street,13.39%,43.79%,29.60%,100.00%,47.49%,30.47%,215000
E05000212,Enfield,Upper Edmonton,30.27%,57.19%,0.00%,100.00%,72.52%,17.55%,215000
E05000213,Enfield,Winchmore Hill,0.00%,80.40%,0.85%,26.99%,0.00%,25.17%,345000
E05000214,Greenwich,Abbey Wood,42.47%,56.59%,100.00%,0.00%,0.00%,43.94%,175000
E05000215,Greenwich,Blackheath Westcombe,24.06%,1.73%,100.00%,0.00%,0.01%,15.46%,362500
E05000216,Greenwich,Charlton,22.25%,95.47%,87.65%,0.00%,32.99%,31.56%,309000
E05000217,Greenwich,Coldharbour and New Eltham,60.40%,44.45%,16.34%,0.00%,53.91%,20.03%,250000
E05000218,Greenwich,Eltham North,24.36%,65.68%,93.58%,0.00%,4.24%,24.64%,253750
E05000219,Greenwich,Eltham South,6.83%,73.33%,93.10%,0.00%,0.56%,54.60%,230000
E05000220,Greenwich,Eltham West,9.65%,79.02%,43.94%,0.00%,11.00%,30.49%,247500
E05000221,Greenwich,Glyndon,42.98%,72.42%,37.20%,0.00%,6.86%,32.56%,190000
E05000222,Greenwich,Greenwich West,44.06%,0.00%,100.00%,0.00%,0.00%,49.00%,294500
E05000223,Greenwich,Kidbrooke with Hornfair,32.84%,45.58%,72.31%,0.00%,26.15%,28.19%,230000
E05000224,Greenwich,Middle Park and Sutcliffe,38.20%,57.73%,53.80%,0.00%,5.46%,36.97%,250000
E05000225,Greenwich,Peninsula,31.82%,4.80%,99.88%,0.00%,18.47%,33.67%,346000
E05000226,Greenwich,Plumstead,0.00%,100.00%,99.97%,0.00%,0.00%,41.02%,175000
E05000227,Greenwich,Shooters Hill,36.11%,74.61%,14.06%,0.00%,0.00%,57.12%,220000
E05000228,Greenwich,Thamesmead Moorings,50.73%,6.84%,24.52%,0.00%,0.00%,55.51%,163000
E05000229,Greenwich,Woolwich Common,30.20%,84.70%,0.00%,0.00%,19.72%,39.35%,185000
E05000230,Greenwich,Woolwich Riverside,25.15%,19.45%,0.00%,0.00%,40.28%,34.93%,203200
E05000231,Hackney,Brownswood,5.93%,99.57%,100.00%,100.00%,0.00%,28.24%,310000
E05000232,Hackney,Cazenove,0.00%,28.70%,22.76%,100.00%,0.00%,12.82%,282500
E05000233,Hackney,Chatham,24.09%,64.94%,100.00%,100.00%,27.07%,20.47%,270000
E05000234,Hackney,Clissold,39.77%,99.69%,91.79%,100.00%,2.49%,12.31%,475000
E05000235,Hackney,Dalston,26.10%,95.25%,29.32%,100.00%,100.00%,17.10%,350000
E05000236,Hackney,De Beauvoir,44.45%,42.18%,33.55%,100.00%,66.70%,14.21%,333750
E05000237,Hackney,Hackney Central,0.66%,100.00%,92.06%,100.00%,92.03%,14.09%,325000
E05000238,Hackney,Hackney Downs,1.19%,100.00%,14.00%,100.00%,2.35%,33.83%,322500
E05000239,Hackney,Haggerston,23.29%,81.21%,80.68%,92.75%,26.66%,19.10%,392500
E05000240,Hackney,Hoxton,47.35%,11.68%,6.65%,64.05%,97.84%,27.61%,340000
E05000241,Hackney,King's Park,61.26%,3.31%,99.98%,100.00%,0.00%,67.69%,267850
E05000242,Hackney,Leabridge,0.00%,67.66%,45.00%,100.00%,0.00%,22.98%,312500
E05000243,Hackney,Lordship,0.00%,77.64%,100.00%,100.00%,0.00%,33.57%,323225
E05000244,Hackney,New River,8.05%,12.55%,99.67%,100.00%,0.00%,27.98%,300000
E05000245,Hackney,Queensbridge,27.34%,100.00%,100.00%,100.00%,45.82%,15.59%,380500
E05000246,Hackney,Springfield,2.64%,0.23%,9.35%,100.00%,0.00%,26.47%,315000
E05000247,Hackney,Stoke Newington Central,33.67%,100.00%,17.29%,100.00%,30.61%,13.32%,424000
E05000248,Hackney,Victoria,32.58%,98.46%,100.00%,100.00%,0.00%,20.94%,345000
E05000249,Hackney,Wick,60.70%,15.90%,100.00%,100.00%,0.00%,29.54%,317500
E05000250,Hammersmith and Fulham,Addison,55.47%,23.67%,46.21%,0.00%,80.80%,0.29%,410000
E05000251,Hammersmith and Fulham,Askew,36.13%,90.76%,72.74%,0.00%,10.90%,3.61%,360000
E05000252,Hammersmith and Fulham,Avonmore and Brook Green,60.79%,17.19%,24.87%,0.08%,92.09%,8.80%,437500
E05000253,Hammersmith and Fulham,College Park and Old Oak,31.39%,0.00%,100.00%,0.00%,0.00%,43.78%,320000
E05000254,Hammersmith and Fulham,Fulham Broadway,37.31%,7.29%,0.91%,99.49%,38.48%,3.08%,490000
E05000255,Hammersmith and Fulham,Fulham Reach,42.56%,2.71%,0.00%,99.71%,85.44%,20.91%,470000
E05000256,Hammersmith and Fulham,Hammersmith Broadway,24.95%,74.90%,24.90%,24.77%,5.22%,9.44%,475000
E05000257,Hammersmith and Fulham,Munster,14.37%,93.29%,28.68%,100.00%,10.69%,8.51%,650000
E05000258,Hammersmith and Fulham,North End,57.92%,0.00%,0.72%,85.44%,74.35%,10.65%,380000
E05000259,Hammersmith and Fulham,Palace Riverside,61.45%,99.98%,36.12%,100.00%,0.06%,54.70%,710000
E05000260,Hammersmith and Fulham,Parsons Green and Walham,86.16%,18.96%,68.98%,100.00%,44.08%,9.81%,950000
E05000261,Hammersmith and Fulham,Ravenscourt Park,17.50%,93.26%,80.57%,0.15%,0.00%,16.28%,585000
E05000262,Hammersmith and Fulham,Sands End,35.88%,0.20%,99.26%,100.00%,94.21%,25.00%,586500
E05000263,Hammersmith and Fulham,Shepherd's Bush Green,86.15%,46.12%,91.28%,0.00%,5.27%,9.71%,381000
E05000264,Hammersmith and Fulham,Town,19.00%,80.73%,40.76%,100.00%,23.05%,0.00%,566000
E05000265,Hammersmith and Fulham,Wormholt and White City,81.39%,23.93%,100.00%,0.00%,11.37%,4.24%,454300
E05000266,Haringey,Alexandra,28.46%,6.80%,100.00%,0.00%,0.00%,52.31%,402000
E05000267,Haringey,Bounds Green,60.51%,10.79%,95.54%,1.03%,0.00%,25.33%,249100
E05000268,Haringey,Bruce Grove,34.62%,83.21%,1.09%,100.00%,47.74%,4.90%,216500
E05000269,Haringey,Crouch End,30.06%,16.11%,100.00%,9.73%,0.23%,14.21%,425000
E05000270,Haringey,Fortis Green,61.87%,50.05%,100.00%,0.00%,0.00%,24.58%,450000
E05000271,Haringey,Harringay,34.30%,3.01%,100.00%,100.00%,0.00%,45.44%,342500
E05000272,Haringey,Highgate,26.22%,87.98%,100.00%,0.00%,0.00%,42.42%,410000
E05000273,Haringey,Hornsey,29.79%,0.00%,100.00%,39.99%,0.99%,14.47%,347047
E05000274,Haringey,Muswell Hill,41.28%,68.64%,100.00%,0.00%,0.00%,31.17%,450500
E05000275,Haringey,Noel Park,27.01%,43.72%,100.00%,98.65%,59.47%,11.51%,252000
E05000276,Haringey,Northumberland Park,24.60%,39.81%,0.00%,100.00%,7.20%,23.00%,185000
E05000277,Haringey,St. Ann's,53.00%,31.60%,100.00%,100.00%,42.45%,19.98%,275000
E05000278,Haringey,Seven Sisters,56.95%,0.00%,83.31%,100.00%,0.00%,23.37%,247975
E05000279,Haringey,Stroud Green,23.31%,0.00%,100.00%,100.00%,2.23%,24.62%,349000
E05000280,Haringey,Tottenham Green,41.62%,37.01%,33.52%,100.00%,48.98%,10.47%,227000
E05000281,Haringey,Tottenham Hale,36.93%,38.24%,0.00%,100.00%,1.12%,28.98%,216016
E05000282,Haringey,West Green,65.59%,97.56%,65.98%,100.00%,62.12%,38.19%,279050
E05000283,Haringey,White Hart Lane,32.29%,65.29%,6.26%,100.00%,13.47%,27.85%,225000
E05000284,Haringey,Woodside,68.22%,33.76%,99.40%,82.34%,54.03%,26.79%,257000
E05000285,Harrow,Belmont,20.70%,18.88%,0.00%,0.00%,1.40%,11.03%,370000
E05000286,Harrow,Canons,15.73%,77.56%,0.00%,0.00%,3.68%,57.32%,355500
E05000287,Harrow,Edgware,44.31%,32.03%,6.95%,0.00%,44.91%,15.01%,300000
E05000288,Harrow,Greenhill,9.53%,83.40%,0.00%,0.00%,36.39%,7.66%,235000
E05000289,Harrow,Harrow on the Hill,13.94%,31.41%,24.18%,0.00%,18.69%,43.36%,278000
E05000290,Harrow,Harrow Weald,28.54%,1.23%,0.00%,0.00%,25.72%,56.31%,335000
E05000291,Harrow,Hatch End,0.00%,5.13%,0.00%,0.00%,5.28%,31.05%,295000
E05000292,Harrow,Headstone North,6.24%,61.70%,0.00%,0.00%,14.62%,49.45%,377000
E05000293,Harrow,Headstone South,0.00%,99.70%,0.00%,0.00%,77.59%,14.36%,239725
E05000294,Harrow,Kenton East,32.15%,0.00%,67.45%,0.00%,52.35%,7.24%,307500
E05000295,Harrow,Kenton West,44.71%,8.28%,3.02%,0.00%,55.24%,17.90%,352000
E05000296,Harrow,Marlborough,32.78%,46.97%,0.00%,0.00%,95.63%,8.27%,243000
E05000297,Harrow,Pinner,10.90%,0.16%,10.05%,0.00%,0.00%,28.65%,385000
E05000298,Harrow,Pinner South,67.48%,0.37%,22.52%,0.00%,0.00%,22.17%,436000
E05000299,Harrow,Queensbury,30.30%,0.76%,22.95%,0.00%,85.55%,23.31%,314975
E05000300,Harrow,Rayners Lane,23.98%,53.86%,0.00%,0.00%,25.38%,10.74%,314000
E05000301,Harrow,Roxbourne,21.14%,47.35%,0.00%,0.00%,80.58%,15.35%,224995
E05000302,Harrow,Roxeth,44.89%,49.75%,16.25%,0.00%,63.49%,18.35%,264750
E05000303,Harrow,Stanmore Park,17.71%,13.12%,0.00%,0.00%,0.00%,45.77%,340000
E05000304,Harrow,Wealdstone,1.84%,1.59%,0.00%,0.00%,95.06%,3.43%,250000
E05000305,Harrow,West Harrow,28.13%,52.65%,0.00%,0.00%,27.90%,19.67%,324000
E05000306,Havering,Brooklands,15.56%,20.83%,32.30%,0.00%,78.58%,44.88%,172998
E05000307,Havering,Cranham,23.46%,73.73%,0.00%,0.00%,32.07%,55.87%,270000
E05000308,Havering,Elm Park,7.63%,47.28%,100.00%,0.00%,0.00%,55.71%,212000
E05000309,Havering,Emerson Park,14.10%,9.78%,0.00%,0.00%,90.70%,31.25%,295000
E05000310,Havering,Gooshays,31.75%,96.63%,46.66%,0.00%,0.00%,68.40%,175000
E05000311,Havering,Hacton,0.00%,0.00%,87.61%,0.00%,13.76%,24.14%,250000
E05000312,Havering,Harold Wood,0.00%,61.76%,0.07%,0.00%,17.61%,60.68%,220000
E05000313,Havering,Havering Park,10.42%,0.00%,100.00%,0.00%,1.69%,75.25%,203650
E05000314,Havering,Heaton,1.34%,16.60%,78.83%,0.00%,71.41%,45.32%,170000
E05000315,Havering,Hylands,14.69%,40.32%,52.17%,0.00%,47.61%,26.04%,243000
E05000316,Havering,Mawneys,30.34%,0.00%,56.59%,0.00%,25.50%,32.14%,210000
E05000317,Havering,Pettits,38.88%,0.00%,80.29%,0.00%,59.17%,32.36%,255000
E05000318,Havering,Rainham and Wennington,38.37%,0.00%,0.89%,0.00%,24.00%,79.03%,200500
E05000319,Havering,Romford Town,33.30%,0.00%,19.93%,0.00%,71.07%,8.08%,206000
E05000320,Havering,St. Andrew's,11.41%,4.97%,51.13%,0.00%,85.28%,18.85%,242500
E05000321,Havering,South Hornchurch,43.44%,35.94%,99.51%,0.00%,2.61%,45.04%,199998
E05000322,Havering,Squirrel's Heath,11.62%,3.90%,0.00%,0.00%,87.47%,16.73%,239998
E05000323,Havering,Upminster,17.04%,2.46%,4.94%,0.00%,30.08%,82.03%,365000
E05000324,Hillingdon,Barnhill,32.79%,26.64%,100.00%,0.00%,0.16%,27.83%,242000
E05000325,Hillingdon,Botwell,33.25%,85.19%,41.67%,0.00%,24.76%,32.19%,210000
E05000326,Hillingdon,Brunel,14.06%,64.92%,0.95%,0.00%,28.47%,40.47%,235000
E05000327,Hillingdon,Cavendish,14.55%,79.64%,18.45%,0.00%,0.00%,17.75%,317500
E05000328,Hillingdon,Charville,31.00%,24.91%,98.28%,0.00%,25.05%,44.95%,247500
E05000329,Hillingdon,Eastcote and East Ruislip,51.18%,1.47%,94.67%,0.00%,5.19%,33.43%,423000
E05000330,Hillingdon,Harefield,6.81%,38.50%,41.63%,0.00%,0.00%,85.53%,250000
E05000331,Hillingdon,Heathrow Villages,41.45%,22.40%,47.53%,0.00%,57.81%,31.36%,210000
E05000332,Hillingdon,Hillingdon East,28.98%,90.46%,0.78%,0.00%,0.64%,48.13%,250000
E05000333,Hillingdon,Ickenham,14.99%,92.43%,0.02%,0.00%,0.00%,55.66%,397975
E05000334,Hillingdon,Manor,12.96%,83.27%,66.10%,0.00%,16.52%,17.97%,284999
E05000335,Hillingdon,Northwood,22.14%,1.00%,77.99%,0.00%,9.23%,61.02%,328000
E05000336,Hillingdon,Northwood Hills,45.68%,0.00%,88.36%,0.00%,0.00%,33.30%,347500
E05000337,Hillingdon,Pinkwell,41.49%,56.22%,0.00%,0.00%,100.00%,26.94%,242500
E05000338,Hillingdon,South Ruislip,34.31%,85.59%,15.25%,0.00%,35.55%,62.80%,270000
E05000339,Hillingdon,Townfield,38.93%,70.99%,87.85%,0.00%,3.24%,30.85%,250000
E05000340,Hillingdon,Uxbridge North,14.83%,95.24%,0.00%,0.00%,7.46%,34.47%,231000
E05000341,Hillingdon,Uxbridge South,49.65%,27.33%,0.00%,0.00%,0.00%,26.18%,230000
E05000342,Hillingdon,West Drayton,19.87%,19.13%,17.16%,0.00%,22.26%,31.96%,241000
E05000343,Hillingdon,West Ruislip,18.30%,40.60%,80.87%,0.00%,5.63%,49.48%,315000
E05000344,Hillingdon,Yeading,21.53%,26.28%,100.00%,0.00%,0.00%,33.33%,215250
E05000345,Hillingdon,Yiewsley,45.05%,22.48%,0.00%,0.00%,0.00%,41.33%,205000
E05000346,Hounslow,Bedfont,14.93%,21.97%,93.90%,0.00%,0.00%,52.49%,181000
E05000347,Hounslow,Brentford,31.34%,43.01%,99.83%,23.12%,15.20%,42.91%,338500
E05000348,Hounslow,Chiswick Homefields,64.94%,57.17%,100.00%,49.16%,4.53%,42.22%,672500
E05000349,Hounslow,Chiswick Riverside,29.97%,21.06%,100.00%,100.00%,0.00%,35.17%,462500
E05000350,Hounslow,Cranford,52.85%,40.23%,52.23%,0.00%,17.41%,26.56%,249000
E05000351,Hounslow,Feltham North,51.34%,69.65%,85.71%,0.00%,0.00%,36.43%,225000
E05000352,Hounslow,Feltham West,59.83%,33.17%,48.05%,0.00%,0.50%,41.38%,205000
E05000353,Hounslow,Hanworth,51.25%,84.64%,49.95%,0.00%,0.00%,45.32%,222500
E05000354,Hounslow,Hanworth Park,53.18%,85.99%,36.69%,0.00%,0.00%,41.42%,205000
E05000355,Hounslow,Heston Central,46.29%,61.61%,100.00%,0.00%,82.84%,15.75%,250000
E05000356,Hounslow,Heston East,65.08%,42.92%,100.00%,0.00%,34.33%,27.08%,249750
E05000357,Hounslow,Heston West,46.26%,20.11%,77.46%,0.00%,54.70%,39.10%,245000
E05000358,Hounslow,Hounslow Central,64.46%,60.97%,100.00%,0.00%,86.29%,11.07%,231125
E05000359,Hounslow,Hounslow Heath,0.62%,30.97%,100.00%,0.00%,43.40%,48.67%,226500
E05000360,Hounslow,Hounslow South,29.84%,10.13%,72.73%,6.10%,31.38%,17.88%,302500
E05000361,Hounslow,Hounslow West,19.15%,54.39%,100.00%,0.00%,48.81%,10.16%,245000
E05000362,Hounslow,Isleworth,47.52%,91.84%,87.79%,85.84%,0.00%,22.63%,257500
E05000363,Hounslow,Osterley and Spring Grove,27.83%,4.09%,100.00%,0.00%,13.06%,54.19%,400000
E05000364,Hounslow,Syon,35.94%,30.15%,100.00%,11.92%,24.49%,42.46%,276000
E05000365,Hounslow,Turnham Green,49.25%,0.43%,100.00%,47.00%,0.00%,7.38%,442500
E05000366,Islington,Barnsbury,79.26%,0.00%,0.63%,16.78%,67.66%,11.03%,523500
E05000367,Islington,Bunhill,52.63%,0.00%,0.00%,0.00%,100.00%,13.51%,480000
E05000368,Islington,Caledonian,44.76%,0.00%,24.66%,0.00%,42.53%,16.40%,361000
E05000369,Islington,Canonbury,58.62%,0.00%,0.47%,100.00%,0.00%,14.39%,482500
E05000370,Islington,Clerkenwell,54.58%,0.00%,0.20%,0.00%,100.00%,9.25%,573475
E05000371,Islington,Finsbury Park,32.21%,0.12%,100.00%,96.94%,28.33%,15.92%,273950
E05000372,Islington,Highbury East,44.20%,59.43%,95.71%,100.00%,3.44%,21.65%,499950
E05000373,Islington,Highbury West,59.06%,45.48%,100.00%,98.18%,1.51%,10.51%,400000
E05000374,Islington,Hillrise,63.19%,0.00%,100.00%,4.88%,0.00%,18.33%,371000
E05000375,Islington,Holloway,75.54%,0.00%,72.71%,8.33%,14.32%,16.88%,364950
E05000376,Islington,Junction,68.16%,0.00%,100.00%,0.00%,26.04%,16.61%,375000
E05000377,Islington,Mildmay,4.21%,50.50%,44.04%,100.00%,16.57%,10.43%,368750
E05000378,Islington,St. George's,61.52%,0.00%,100.00%,1.33%,71.92%,8.14%,358750
E05000379,Islington,St. Mary's,93.19%,0.00%,7.02%,85.72%,11.28%,9.62%,530000
E05000380,Islington,St. Peter's,67.58%,0.00%,0.00%,61.12%,31.65%,10.39%,460375
E05000381,Islington,Tollington,78.98%,0.00%,100.00%,51.91%,3.48%,13.28%,333000
E05000382,Kensington and Chelsea,Abingdon,85.12%,100.00%,100.00%,0.00%,0.00%,5.88%,900000
E05000383,Kensington and Chelsea,Brompton,82.17%,18.01%,100.00%,0.00%,3.33%,10.79%,1295000
E05000384,Kensington and Chelsea,Campden,77.12%,98.77%,100.00%,0.00%,0.00%,27.88%,1350000
E05000385,Kensington and Chelsea,Colville,100.00%,16.62%,100.00%,0.00%,24.21%,10.53%,762564
E05000386,Kensington and Chelsea,Courtfield,85.17%,19.64%,100.00%,0.00%,1.47%,13.27%,1145000
E05000387,Kensington and Chelsea,Cremorne,76.70%,0.00%,100.00%,55.63%,0.00%,29.22%,785000
E05000388,Kensington and Chelsea,Earl's Court,43.98%,65.90%,100.00%,10.30%,0.00%,9.97%,670000
E05000389,Kensington and Chelsea,Golborne,97.32%,0.00%,100.00%,0.00%,0.00%,34.62%,402500
E05000390,Kensington and Chelsea,Hans Town,92.41%,4.78%,100.00%,0.00%,25.13%,8.46%,1212500
E05000391,Kensington and Chelsea,Holland,85.22%,100.00%,95.68%,0.00%,0.00%,28.19%,797500
E05000392,Kensington and Chelsea,Norland,98.58%,76.32%,100.00%,0.00%,27.50%,15.31%,1065000
E05000393,Kensington and Chelsea,Notting Barns,99.44%,0.09%,100.00%,0.00%,66.55%,9.30%,595000
E05000394,Kensington and Chelsea,Pembridge,51.19%,91.54%,100.00%,0.00%,6.48%,11.88%,950000
E05000395,Kensington and Chelsea,Queen's Gate,96.64%,19.83%,100.00%,0.00%,0.00%,5.84%,1312500
E05000396,Kensington and Chelsea,Redcliffe,83.32%,2.36%,100.00%,26.29%,0.00%,28.42%,755000
E05000397,Kensington and Chelsea,Royal Hospital,96.72%,0.00%,100.00%,0.00%,0.09%,43.13%,1175000
E05000398,Kensington and Chelsea,St. Charles,99.17%,0.00%,100.00%,0.00%,0.92%,21.85%,610000
E05000399,Kensington and Chelsea,Stanley,68.66%,0.00%,100.00%,35.82%,16.70%,9.06%,848000
E05000400,Kingston upon Thames,Alexandra,20.53%,0.00%,0.00%,20.48%,0.00%,43.49%,345000
E05000401,Kingston upon Thames,Berrylands,31.24%,0.00%,0.00%,100.00%,0.00%,10.79%,320000
E05000402,Kingston upon Thames,Beverley,34.41%,0.00%,0.00%,100.00%,39.54%,26.49%,347500
E05000403,Kingston upon Thames,Canbury,24.65%,3.88%,98.30%,100.00%,3.09%,7.04%,398250
E05000404,Kingston upon Thames,Chessington North and Hook,31.42%,0.00%,73.05%,0.00%,61.79%,27.50%,250000
E05000405,Kingston upon Thames,Chessington South,49.83%,0.00%,83.88%,0.00%,4.12%,75.65%,240000
E05000406,Kingston upon Thames,Coombe Hill,16.35%,0.00%,1.31%,100.00%,11.55%,42.11%,500000
E05000407,Kingston upon Thames,Coombe Vale,15.42%,0.00%,0.00%,100.00%,75.09%,10.95%,405000
E05000408,Kingston upon Thames,Grove,27.66%,0.00%,98.50%,100.00%,59.05%,23.62%,342500
E05000409,Kingston upon Thames,Norbiton,29.46%,0.00%,74.12%,100.00%,95.10%,34.47%,270000
E05000410,Kingston upon Thames,Old Malden,30.66%,96.97%,3.94%,12.42%,15.50%,21.55%,355000
E05000411,Kingston upon Thames,St. James,5.77%,49.87%,0.00%,98.26%,70.52%,28.22%,335950
E05000412,Kingston upon Thames,St. Mark's,20.35%,0.00%,24.66%,100.00%,34.97%,23.93%,322500
E05000413,Kingston upon Thames,Surbiton Hill,19.91%,0.00%,0.00%,66.90%,2.52%,5.81%,282000
E05000414,Kingston upon Thames,Tolworth and Hook Rise,19.70%,0.00%,7.27%,6.06%,38.63%,33.09%,270000
E05000415,Kingston upon Thames,Tudor,44.13%,73.31%,88.68%,100.00%,0.00%,22.67%,437000
E05000416,Lambeth,Bishop's,70.19%,18.45%,0.00%,0.00%,90.39%,31.60%,402500
E05000417,Lambeth,Brixton Hill,61.42%,51.51%,100.00%,0.00%,40.74%,13.08%,310000
E05000418,Lambeth,Clapham Common,0.00%,0.00%,100.00%,0.00%,9.55%,27.85%,465000
E05000419,Lambeth,Clapham Town,33.30%,0.00%,100.00%,0.00%,0.00%,13.22%,415000
E05000420,Lambeth,Coldharbour,57.96%,36.30%,39.68%,0.00%,35.84%,14.43%,300000
E05000421,Lambeth,Ferndale,36.22%,3.32%,98.31%,0.00%,70.44%,10.23%,347500
E05000422,Lambeth,Gipsy Hill,59.09%,0.00%,96.86%,0.00%,24.00%,25.69%,268750
E05000423,Lambeth,Herne Hill,25.83%,50.50%,0.58%,0.00%,0.00%,37.90%,339950
E05000424,Lambeth,Knight's Hill,51.11%,52.10%,70.76%,0.00%,4.81%,13.34%,255000
E05000425,Lambeth,Larkhall,51.92%,0.00%,100.00%,0.00%,86.03%,19.98%,330000
E05000426,Lambeth,Oval,80.74%,0.05%,36.18%,0.00%,100.00%,24.92%,345000
E05000427,Lambeth,Prince's,63.49%,0.00%,0.23%,0.00%,100.00%,20.65%,415000
E05000428,Lambeth,St. Leonard's,43.36%,66.64%,100.00%,0.00%,0.00%,13.23%,250000
E05000429,Lambeth,Stockwell,86.53%,0.00%,83.03%,0.00%,100.00%,13.23%,262475
E05000430,Lambeth,Streatham Hill,22.79%,12.94%,100.00%,0.00%,0.00%,14.18%,292500
E05000431,Lambeth,Streatham South,38.60%,76.09%,98.28%,0.00%,1.45%,26.61%,268000
E05000432,Lambeth,Streatham Wells,8.86%,57.88%,100.00%,0.00%,3.68%,18.25%,250000
E05000433,Lambeth,Thornton,3.83%,0.00%,100.00%,0.00%,18.44%,22.38%,457500
E05000434,Lambeth,Thurlow Park,24.96%,64.82%,7.93%,0.00%,0.00%,19.74%,307500
E05000435,Lambeth,Tulse Hill,40.20%,100.00%,75.93%,0.00%,0.00%,16.58%,285000
E05000436,Lambeth,Vassall,89.99%,18.89%,10.19%,0.00%,85.38%,16.78%,315000
E05000437,Lewisham,Bellingham,39.44%,7.54%,81.52%,0.00%,0.00%,46.72%,210000
E05000438,Lewisham,Blackheath,19.36%,0.73%,100.00%,0.00%,0.00%,34.59%,322500
E05000439,Lewisham,Brockley,24.62%,0.93%,77.14%,0.00%,20.97%,13.45%,250000
E05000440,Lewisham,Catford South,21.44%,2.41%,47.95%,0.00%,6.26%,2.95%,247500
E05000441,Lewisham,Crofton Park,23.14%,52.34%,0.00%,0.00%,9.22%,20.74%,307000
E05000442,Lewisham,Downham,61.12%,0.00%,96.50%,0.00%,0.00%,30.12%,183500
E05000443,Lewisham,Evelyn,51.48%,35.25%,38.82%,0.00%,41.33%,22.63%,231000
E05000444,Lewisham,Forest Hill,46.72%,16.97%,53.74%,0.00%,0.00%,22.16%,269950
E05000445,Lewisham,Grove Park,45.89%,38.20%,0.52%,0.00%,16.92%,21.62%,235000
E05000446,Lewisham,Ladywell,51.18%,70.57%,73.36%,0.00%,0.00%,25.64%,272000
E05000447,Lewisham,Lee Green,39.99%,14.62%,85.13%,0.00%,11.44%,11.90%,301000
E05000448,Lewisham,Lewisham Central,68.10%,54.07%,75.35%,0.00%,8.59%,13.61%,220000
E05000449,Lewisham,New Cross,48.04%,0.05%,38.87%,0.00%,68.87%,16.56%,186000
E05000450,Lewisham,Perry Vale,21.87%,4.22%,25.79%,0.00%,17.42%,9.66%,250000
E05000451,Lewisham,Rushey Green,54.93%,87.88%,9.43%,0.00%,1.11%,24.11%,218000
E05000452,Lewisham,Sydenham,47.71%,0.00%,100.00%,0.00%,0.00%,13.05%,250000
E05000453,Lewisham,Telegraph Hill,49.35%,4.86%,0.00%,0.00%,47.81%,16.14%,258000
E05000454,Lewisham,Whitefoot,42.03%,0.00%,85.25%,0.00%,0.00%,27.91%,230000
E05000455,Merton,Abbey,43.53%,37.51%,0.00%,100.00%,0.00%,12.77%,345000
E05000456,Merton,Cannon Hill,36.32%,100.00%,0.00%,100.00%,0.00%,42.70%,337000
E05000457,Merton,Colliers Wood,66.37%,0.00%,67.83%,88.36%,0.00%,14.51%,250000
E05000458,Merton,Cricket Green,35.26%,17.25%,99.84%,20.87%,0.00%,50.00%,207250
E05000459,Merton,Dundonald,28.02%,3.04%,0.00%,100.00%,21.54%,15.19%,426000
E05000460,Merton,Figge's Marsh,44.95%,0.00%,100.00%,0.00%,11.08%,22.99%,208995
E05000461,Merton,Graveney,32.52%,0.00%,100.00%,0.00%,47.23%,12.28%,280000
E05000462,Merton,Hillside,0.77%,5.58%,0.00%,100.00%,44.64%,5.65%,427500
E05000463,Merton,Lavender Fields,44.05%,1.90%,84.67%,70.90%,4.19%,18.98%,211500
E05000464,Merton,Longthornton,18.38%,0.00%,100.00%,0.00%,21.35%,36.62%,245000
E05000465,Merton,Lower Morden,43.18%,82.22%,10.30%,81.37%,9.55%,34.34%,270000
E05000466,Merton,Merton Park,44.17%,77.92%,0.00%,100.00%,4.36%,18.87%,403500
E05000467,Merton,Pollards Hill,36.54%,0.00%,100.00%,0.00%,0.00%,52.76%,226500
E05000468,Merton,Ravensbury,82.00%,92.50%,63.52%,30.34%,2.58%,37.84%,225000
E05000469,Merton,Raynes Park,31.47%,3.13%,0.00%,100.00%,67.46%,24.41%,429500
E05000470,Merton,St. Helier,55.16%,93.26%,0.00%,45.68%,6.58%,41.59%,216500
E05000471,Merton,Trinity,82.83%,0.00%,0.00%,100.00%,7.38%,15.65%,370750
E05000472,Merton,Village,19.20%,22.92%,0.00%,100.00%,4.31%,62.19%,1033000
E05000473,Merton,West Barnes,6.48%,59.66%,0.00%,100.00%,3.01%,32.31%,342000
E05000474,Merton,Wimbledon Park,25.08%,62.37%,20.37%,100.00%,15.70%,28.51%,521250
E05000475,Newham,Beckton,25.06%,76.87%,0.00%,0.00%,10.47%,30.86%,212500
E05000476,Newham,Boleyn,50.87%,81.95%,0.99%,0.00%,49.83%,6.08%,222500
E05000477,Newham,Canning Town North,86.10%,0.00%,0.00%,34.52%,0.73%,21.73%,210000
E05000478,Newham,Canning Town South,46.79%,3.17%,0.00%,0.00%,51.66%,26.58%,212000
E05000479,Newham,Custom House,68.44%,69.19%,0.00%,0.00%,25.92%,30.62%,207500
E05000480,Newham,East Ham Central,16.50%,99.98%,16.86%,0.00%,80.79%,10.88%,220000
E05000481,Newham,East Ham North,41.98%,3.73%,100.00%,38.78%,84.48%,12.27%,215000
E05000482,Newham,East Ham South,41.11%,100.00%,0.00%,0.00%,0.00%,23.48%,197500
E05000483,Newham,Forest Gate North,31.99%,4.26%,100.00%,100.00%,32.55%,13.83%,232500
E05000484,Newham,Forest Gate South,2.34%,86.05%,99.77%,100.00%,72.22%,2.23%,249500
E05000485,Newham,Green Street East,25.26%,34.55%,96.83%,75.36%,50.54%,2.37%,235000
E05000486,Newham,Green Street West,0.00%,96.15%,90.91%,87.83%,93.73%,3.19%,210000
E05000487,Newham,Little Ilford,55.62%,0.00%,100.00%,73.67%,18.58%,48.63%,185000
E05000488,Newham,Manor Park,20.07%,0.00%,100.00%,96.97%,0.83%,26.59%,194000
E05000489,Newham,Plaistow North,34.23%,74.37%,12.49%,67.49%,20.02%,10.29%,220000
E05000490,Newham,Plaistow South,68.69%,53.99%,0.00%,0.00%,0.72%,14.54%,190000
E05000491,Newham,Royal Docks,36.27%,0.00%,0.00%,0.00%,58.98%,57.79%,246500
E05000492,Newham,Stratford and New Town,32.47%,14.81%,60.88%,100.00%,47.66%,11.18%,240000
E05000493,Newham,Wall End,33.14%,63.33%,13.37%,0.00%,60.88%,33.94%,215000
E05000494,Newham,West Ham,64.33%,91.50%,0.18%,100.00%,25.09%,27.23%,240000
E05000495,Redbridge,Aldborough,2.62%,48.28%,59.42%,17.61%,34.45%,76.76%,250000
E05000496,Redbridge,Barkingside,27.22%,61.09%,82.91%,97.52%,51.29%,1.34%,308750
E05000497,Redbridge,Bridge,25.25%,88.70%,100.00%,100.00%,5.79%,35.98%,286500
E05000498,Redbridge,Chadwell,26.11%,37.31%,4.34%,0.00%,64.82%,4.82%,240000
E05000499,Redbridge,Church End,5.31%,0.00%,99.71%,100.00%,0.00%,3.32%,285000
E05000500,Redbridge,Clayhall,65.22%,25.10%,100.00%,100.00%,41.76%,19.92%,345000
E05000501,Redbridge,Clementswood,16.29%,37.39%,6.34%,0.00%,12.36%,7.72%,200000
E05000502,Redbridge,Cranbrook,42.27%,87.00%,99.97%,99.98%,1.64%,33.40%,327500
E05000503,Redbridge,Fairlop,46.08%,77.46%,88.81%,32.31%,29.82%,48.25%,260000
E05000504,Redbridge,Fullwell,57.18%,95.58%,100.00%,76.39%,21.64%,24.87%,274000
E05000505,Redbridge,Goodmayes,26.67%,12.32%,14.02%,0.00%,2.06%,30.55%,216000
E05000506,Redbridge,Hainault,15.20%,69.98%,99.12%,1.01%,19.98%,59.84%,217000
E05000507,Redbridge,Loxford,47.45%,89.70%,11.54%,0.66%,0.00%,18.33%,199000
E05000508,Redbridge,Mayfield,48.23%,84.22%,28.16%,0.00%,5.09%,16.78%,250000
E05000509,Redbridge,Monkhams,24.24%,0.07%,84.27%,100.00%,0.00%,29.88%,387000
E05000510,Redbridge,Newbury,0.00%,95.15%,29.77%,19.44%,40.55%,21.36%,275000
E05000511,Redbridge,Roding,41.33%,25.70%,100.00%,100.00%,0.00%,35.70%,315000
E05000512,Redbridge,Seven Kings,31.49%,99.69%,10.82%,0.00%,45.60%,29.99%,250000
E05000513,Redbridge,Snaresbrook,28.53%,0.00%,100.00%,100.00%,0.00%,10.56%,276000
E05000514,Redbridge,Valentines,0.00%,100.00%,24.09%,60.27%,0.00%,13.84%,250000
E05000515,Redbridge,Wanstead,26.82%,0.00%,100.00%,100.00%,0.00%,64.23%,433375
E05000516,Richmond upon Thames,Barnes,44.81%,43.57%,75.87%,99.91%,0.00%,54.41%,727555
E05000517,Richmond upon Thames,East Sheen,24.96%,66.59%,29.53%,100.00%,0.00%,76.65%,697000
E05000518,Richmond upon Thames,Fulwell and Hampton Hill,0.00%,0.00%,100.00%,0.00%,8.55%,32.67%,442500
E05000519,Richmond upon Thames,"Ham, Petersham & Richmond Riverside",34.06%,80.06%,80.66%,100.00%,0.00%,81.89%,393000
E05000520,Richmond upon Thames,Hampton,38.75%,0.00%,100.00%,3.55%,30.42%,74.70%,370000
E05000521,Richmond upon Thames,Hampton North,42.11%,0.10%,90.80%,0.00%,7.92%,28.20%,315000
E05000522,Richmond upon Thames,Hampton Wick,26.60%,0.33%,100.00%,100.00%,2.01%,49.96%,382250
E05000523,Richmond upon Thames,Heathfield,31.99%,76.29%,100.00%,0.00%,3.47%,27.02%,315000
E05000524,Richmond upon Thames,Kew,32.55%,2.54%,53.37%,100.00%,37.90%,56.65%,525000
E05000525,Richmond upon Thames,Mortlake and Barnes Common,34.00%,62.14%,86.43%,100.00%,0.00%,41.75%,542500
E05000526,Richmond upon Thames,North Richmond,11.68%,88.16%,8.79%,100.00%,41.71%,54.08%,495000
E05000527,Richmond upon Thames,St. Margarets & North Twickenham,46.34%,64.11%,43.85%,100.00%,20.24%,23.51%,550000
E05000528,Richmond upon Thames,South Richmond,20.57%,77.23%,0.00%,100.00%,0.00%,47.32%,520000
E05000529,Richmond upon Thames,South Twickenham,31.56%,0.44%,44.59%,89.39%,2.21%,26.72%,419000
E05000530,Richmond upon Thames,Teddington,0.00%,0.00%,100.00%,68.28%,13.35%,64.05%,440000
E05000531,Richmond upon Thames,Twickenham Riverside,27.37%,85.14%,0.51%,100.00%,0.00%,37.80%,448000
E05000532,Richmond upon Thames,West Twickenham,63.79%,41.49%,77.04%,21.79%,0.11%,45.63%,366000
E05000533,Richmond upon Thames,Whitton,20.68%,0.10%,90.19%,19.90%,35.47%,21.29%,346250
E05000534,Southwark,Brunswick Park,11.07%,74.62%,0.00%,0.00%,7.27%,7.03%,280250
E05000535,Southwark,Camberwell Green,24.63%,96.56%,0.00%,0.00%,0.63%,1.61%,280000
E05000536,Southwark,Cathedrals,45.92%,0.00%,0.00%,0.00%,100.00%,15.29%,500000
E05000537,Southwark,Chaucer,72.55%,2.12%,0.00%,0.00%,100.00%,5.57%,360000
E05000538,Southwark,College,38.27%,42.62%,62.33%,0.00%,2.18%,43.71%,250000
E05000539,Southwark,East Dulwich,0.00%,99.99%,0.00%,0.00%,10.56%,0.73%,466000
E05000540,Southwark,East Walworth,18.03%,90.82%,0.00%,0.00%,28.39%,24.15%,237500
E05000541,Southwark,Faraday,14.89%,100.00%,0.00%,0.00%,0.00%,30.00%,280000
E05000542,Southwark,Grange,7.86%,47.31%,0.00%,0.00%,60.45%,4.46%,360000
E05000543,Southwark,Livesey,17.04%,58.63%,0.00%,0.00%,41.52%,4.53%,231750
E05000544,Southwark,Newington,63.85%,50.57%,0.00%,0.00%,59.24%,3.82%,310000
E05000545,Southwark,Nunhead,13.67%,55.25%,0.00%,0.00%,49.23%,20.09%,280250
E05000546,Southwark,Peckham,0.00%,96.60%,0.00%,0.00%,16.54%,6.96%,202500
E05000547,Southwark,Peckham Rye,19.99%,99.79%,0.00%,0.00%,0.00%,45.69%,350000
E05000548,Southwark,Riverside,6.85%,58.66%,0.00%,0.00%,48.83%,23.22%,485000
E05000549,Southwark,Rotherhithe,44.23%,95.95%,0.00%,0.00%,0.00%,34.09%,310000
E05000550,Southwark,South Bermondsey,0.00%,99.26%,0.00%,0.00%,0.00%,3.01%,228000
E05000551,Southwark,South Camberwell,14.27%,27.92%,0.00%,0.00%,28.81%,19.97%,315000
E05000552,Southwark,Surrey Docks,14.75%,40.50%,0.00%,0.00%,0.00%,40.29%,325000
E05000553,Southwark,The Lane,31.57%,90.72%,0.00%,0.00%,49.96%,5.99%,320000
E05000554,Southwark,Village,22.83%,87.31%,0.65%,0.00%,17.12%,33.84%,580000
E05000555,Sutton,Beddington North,36.07%,0.41%,100.00%,0.00%,2.17%,52.97%,247650
E05000556,Sutton,Beddington South,11.84%,3.39%,100.00%,0.00%,3.11%,39.08%,346000
E05000557,Sutton,Belmont,24.24%,0.84%,20.04%,0.00%,9.63%,19.03%,222000
E05000558,Sutton,Carshalton Central,50.21%,0.00%,59.17%,0.00%,29.22%,26.95%,255000
E05000559,Sutton,Carshalton South and Clockhouse,54.07%,0.00%,31.13%,0.00%,37.12%,68.18%,381200
E05000560,Sutton,Cheam,7.69%,66.71%,86.11%,0.00%,8.38%,24.71%,369000
E05000561,Sutton,Nonsuch,42.35%,51.71%,100.00%,0.00%,7.52%,10.40%,342000
E05000562,Sutton,St. Helier,62.58%,46.33%,66.49%,0.00%,2.34%,26.01%,203000
E05000563,Sutton,Stonecot,58.65%,36.64%,56.98%,0.22%,74.07%,21.50%,265000
E05000564,Sutton,Sutton Central,53.92%,0.00%,8.10%,0.00%,87.99%,12.86%,195000
E05000565,Sutton,Sutton North,59.12%,0.00%,4.34%,0.00%,58.41%,27.02%,242000
E05000566,Sutton,Sutton South,8.93%,0.00%,12.41%,0.00%,16.15%,8.14%,188500
E05000567,Sutton,Sutton West,26.74%,20.02%,97.73%,0.00%,42.62%,23.12%,242000
E05000568,Sutton,The Wrythe,41.01%,0.18%,56.70%,0.00%,17.30%,18.00%,220500
E05000569,Sutton,Wallington North,17.64%,0.00%,100.00%,0.00%,6.48%,19.92%,228000
E05000570,Sutton,Wallington South,11.36%,0.00%,99.93%,0.00%,87.72%,9.49%,198975
E05000571,Sutton,Wandle Valley,42.87%,72.43%,99.51%,0.00%,0.00%,40.52%,199995
E05000572,Sutton,Worcester Park,43.20%,21.72%,81.33%,0.00%,41.99%,22.28%,270000
E05000573,Tower Hamlets,Bethnal Green North,87.75%,99.72%,100.00%,100.00%,1.91%,6.10%,311000
E05000574,Tower Hamlets,Bethnal Green South,85.41%,25.76%,96.70%,98.84%,77.34%,16.87%,260000
E05000575,Tower Hamlets,Blackwall and Cubitt Town,55.52%,54.40%,0.00%,27.78%,12.24%,42.17%,348500
E05000576,Tower Hamlets,Bow East,14.80%,48.87%,100.00%,100.00%,0.00%,30.34%,261500
E05000577,Tower Hamlets,Bow West,32.91%,100.00%,100.00%,100.00%,0.00%,43.01%,355000
E05000578,Tower Hamlets,Bromley-by-Bow,44.01%,31.17%,44.74%,100.00%,0.00%,11.66%,250000
E05000579,Tower Hamlets,East India and Lansbury,56.17%,3.25%,0.00%,100.00%,49.32%,12.51%,210250
E05000580,Tower Hamlets,Limehouse,73.87%,51.18%,2.55%,78.99%,24.36%,23.36%,286500
E05000581,Tower Hamlets,Mile End and Globe Town,42.74%,100.00%,100.00%,100.00%,0.00%,12.43%,280000
E05000582,Tower Hamlets,Mile End East,26.20%,94.53%,87.05%,100.00%,0.00%,33.39%,250000
E05000583,Tower Hamlets,Millwall,32.24%,35.79%,0.00%,0.00%,36.76%,34.97%,355000
E05000584,Tower Hamlets,St. Dunstan's and Stepney Green,89.45%,80.42%,54.91%,85.99%,26.50%,21.18%,289000
E05000585,Tower Hamlets,St. Katherine's and Wapping,83.08%,0.00%,0.00%,0.00%,99.63%,36.99%,339000
E05000586,Tower Hamlets,Shadwell,78.53%,17.85%,0.00%,7.73%,55.11%,24.25%,306250
E05000587,Tower Hamlets,Spitalfields and Banglatown,67.54%,0.00%,1.08%,3.84%,100.00%,1.43%,400000
E05000588,Tower Hamlets,Weavers,95.19%,78.94%,95.77%,96.82%,13.83%,14.97%,357500
E05000589,Tower Hamlets,Whitechapel,80.62%,0.33%,13.05%,15.61%,100.00%,5.41%,315966
E05000590,Waltham Forest,Cann Hall,71.05%,0.00%,100.00%,100.00%,7.98%,5.04%,226000
E05000591,Waltham Forest,Cathall,58.18%,0.00%,100.00%,100.00%,59.36%,22.62%,225000
E05000592,Waltham Forest,Chapel End,50.52%,0.00%,0.00%,100.00%,26.57%,31.17%,243250
E05000593,Waltham Forest,Chingford Green,21.72%,0.00%,0.00%,100.00%,0.00%,54.88%,255500
E05000594,Waltham Forest,Endlebury,61.52%,0.00%,0.00%,100.00%,0.00%,18.49%,280000
E05000595,Waltham Forest,Forest,40.38%,0.00%,78.95%,100.00%,26.20%,40.37%,270000
E05000596,Waltham Forest,Grove Green,29.24%,0.00%,97.29%,100.00%,97.87%,4.31%,218000
E05000597,Waltham Forest,Hale End and Highams Park,26.08%,0.00%,0.96%,100.00%,0.00%,41.37%,250000
E05000598,Waltham Forest,Hatch Lane,21.47%,0.00%,5.75%,100.00%,0.00%,37.72%,240500
E05000599,Waltham Forest,High Street,93.48%,0.02%,0.00%,100.00%,97.24%,56.42%,216750
E05000600,Waltham Forest,Higham Hill,38.27%,0.02%,0.00%,100.00%,36.55%,56.69%,229500
E05000601,Waltham Forest,Hoe Street,59.28%,0.00%,0.72%,100.00%,90.39%,10.59%,265000
E05000602,Waltham Forest,Larkswood,73.99%,0.00%,0.00%,100.00%,6.05%,31.37%,250000
E05000603,Waltham Forest,Lea Bridge,84.10%,0.00%,0.00%,100.00%,73.26%,40.13%,194796
E05000604,Waltham Forest,Leyton,79.91%,0.00%,19.03%,100.00%,96.59%,27.07%,230000
E05000605,Waltham Forest,Leytonstone,42.25%,0.00%,100.00%,100.00%,12.44%,5.79%,250000
E05000606,Waltham Forest,Markhouse,69.60%,0.00%,0.00%,100.00%,99.82%,29.04%,243500
E05000607,Waltham Forest,Valley,36.35%,0.00%,0.00%,100.00%,20.07%,17.57%,247500
E05000608,Waltham Forest,William Morris,64.68%,0.00%,0.00%,100.00%,91.66%,5.33%,230000
E05000609,Waltham Forest,Wood Street,16.56%,0.00%,38.62%,100.00%,4.35%,34.44%,288748
E05000610,Wandsworth,Balham,0.00%,0.00%,100.00%,0.00%,0.00%,11.73%,556750
E05000611,Wandsworth,Bedford,0.00%,0.00%,100.00%,0.00%,0.00%,47.91%,350000
E05000612,Wandsworth,Earlsfield,51.05%,56.38%,100.00%,100.00%,7.59%,16.69%,405500
E05000613,Wandsworth,East Putney,0.00%,37.14%,92.04%,100.00%,40.96%,11.01%,420000
E05000614,Wandsworth,Fairfield,4.53%,60.69%,100.00%,100.00%,17.40%,11.21%,430000
E05000615,Wandsworth,Furzedown,0.00%,1.06%,100.00%,0.00%,12.58%,18.83%,280000
E05000616,Wandsworth,Graveney,0.72%,0.00%,100.00%,50.50%,0.00%,2.64%,300000
E05000617,Wandsworth,Latchmere,37.97%,0.00%,100.00%,70.87%,42.87%,12.54%,335000
E05000618,Wandsworth,Nightingale,0.00%,0.00%,100.00%,0.15%,0.00%,9.45%,473500
E05000619,Wandsworth,Northcote,0.26%,0.00%,100.00%,74.98%,0.00%,34.02%,580000
E05000620,Wandsworth,Queenstown,13.37%,0.00%,100.00%,0.00%,10.75%,38.51%,405000
E05000621,Wandsworth,Roehampton,4.34%,16.99%,28.64%,100.00%,0.00%,70.62%,247475
E05000622,Wandsworth,St. Mary's Park,12.43%,0.00%,100.00%,37.86%,17.65%,26.88%,445000
E05000623,Wandsworth,Shaftesbury,0.00%,0.00%,100.00%,30.42%,0.00%,2.37%,516000
E05000624,Wandsworth,Southfields,5.84%,100.00%,90.05%,100.00%,10.22%,16.98%,442000
E05000625,Wandsworth,Thamesfield,32.91%,98.19%,100.00%,100.00%,16.41%,34.49%,521250
E05000626,Wandsworth,Tooting,0.24%,0.00%,100.00%,79.77%,7.43%,33.71%,350000
E05000627,Wandsworth,Wandsworth Common,0.02%,42.63%,100.00%,93.76%,1.17%,48.18%,455000
E05000628,Wandsworth,West Hill,0.00%,67.99%,0.74%,100.00%,4.42%,31.91%,294000
E05000629,Wandsworth,West Putney,0.13%,52.16%,98.43%,100.00%,0.00%,20.50%,435000
E05000630,Westminster,Abbey Road,52.99%,41.05%,100.00%,0.00%,43.03%,7.22%,708750
E05000631,Westminster,Bayswater,93.74%,0.00%,100.00%,0.00%,4.85%,3.76%,600000
E05000632,Westminster,Bryanston and Dorset Square,18.69%,0.00%,100.00%,0.00%,0.00%,2.15%,635000
E05000633,Westminster,Churchill,64.07%,0.00%,100.00%,0.00%,9.69%,22.19%,620000
E05000634,Westminster,Church Street,61.61%,0.00%,100.00%,0.00%,12.08%,7.61%,370000
E05000635,Westminster,Harrow Road,35.18%,0.00%,49.42%,0.00%,0.00%,3.02%,325000
E05000636,Westminster,Hyde Park,65.17%,0.00%,100.00%,0.00%,4.77%,8.88%,607500
E05000637,Westminster,Knightsbridge and Belgravia,24.47%,50.14%,100.00%,0.00%,0.00%,69.13%,2930000
E05000638,Westminster,Lancaster Gate,42.28%,3.13%,100.00%,0.00%,0.00%,8.56%,749975
E05000639,Westminster,Little Venice,46.36%,0.00%,100.00%,0.00%,82.06%,15.49%,715000
E05000640,Westminster,Maida Vale,94.71%,0.00%,90.78%,0.00%,78.41%,27.24%,575000
E05000641,Westminster,Marylebone High Street,50.06%,0.04%,100.00%,0.00%,0.80%,6.11%,895000
E05000642,Westminster,Queen's Park,31.62%,0.00%,48.28%,0.00%,0.00%,4.42%,432500
E05000643,Westminster,Regent's Park,70.85%,39.72%,100.00%,0.00%,1.68%,62.23%,665000
E05000644,Westminster,St. James's,86.14%,85.70%,81.26%,0.00%,100.00%,30.69%,875000
E05000645,Westminster,Tachbrook,65.43%,0.00%,100.00%,0.00%,100.00%,32.37%,570000
E05000646,Westminster,Vincent Square,96.53%,74.53%,95.57%,0.00%,40.67%,30.04%,585000
E05000647,Westminster,Warwick,93.79%,11.63%,100.00%,0.00%,30.77%,4.02%,655000
E05000648,Westminster,Westbourne,77.58%,0.00%,100.00%,0.00%,13.38%,19.24%,395000
E05000649,Westminster,West End,30.86%,64.95%,100.00%,0.00%,13.57%,3.87%,872500
